kok,kategori,yumusama,unlu_dusmesi,istisna
kedi,hayvan,,,
köpek,hayvan,evet,,
kuş,hayvan,,,
balık,hayvan,evet,,
at,hayvan,hayır,,
inek,hayvan,evet,,
koyun,hayvan,,,
keçi,hayvan,,,
tavşan,hayvan,,,
kaplumbağa,hayvan,,,
aslan,hayvan,,,
fil,hayvan,,,
zürafa,hayvan,,,
maymun,hayvan,,,
ayı,hayvan,,,
kurt,hayvan,evet,,
arı,hayvan,,,
kelebek,hayvan,evet,,
tavuk,hayvan,evet,,
ördek,hayvan,evet,,
ahtapot,hayvan,hayır,,
kuzu,hayvan,,,
göz,beden,,,
kulak,beden,evet,,
burun,beden,,evet,
ağız,beden,,evet,
el,beden,,,
ayak,beden,evet,,
saç,beden,hayır,,
alın,beden,,evet,
boyun,beden,,evet,
omuz,beden,,evet,
karın,beden,,evet,
göğüs,beden,,evet,
beyin,beden,,evet,
parmak,beden,evet,,
kalp,beden,evet,,ince-ek
kol,beden,,,
dil,beden,,,
elma,yiyecek,,,
armut,yiyecek,evet,,
muz,yiyecek,,,
üzüm,yiyecek,,,
çilek,yiyecek,evet,,
karpuz,yiyecek,,,
ekmek,yiyecek,evet,,
süt,yiyecek,hayır,,
su,yiyecek,,,su
peynir,yiyecek,,,
yumurta,yiyecek,,,
çorba,yiyecek,,,
tuz,yiyecek,,,
şeker,yiyecek,,,
bal,yiyecek,,,
kek,yiyecek,hayır,,
simit,yiyecek,evet,,
dondurma,yiyecek,,,
havuç,yiyecek,evet,,
et,yiyecek,hayır,,
tat,yiyecek,evet,,
çikolata,yiyecek,,,
fıstık,yiyecek,evet,,
ev,ev,,,
masa,ev,,,
sandalye,ev,,,
kapı,ev,,,
pencere,ev,,,
yatak,ev,evet,,
yastık,ev,evet,,
dolap,ev,evet,,
kaşık,ev,evet,,
bıçak,ev,evet,,
tabak,ev,evet,,
bardak,ev,evet,,
saat,ev,hayır,,ince-ek
lamba,ev,,,
ayna,ev,,,
sepet,ev,hayır,,
raf,ev,,,
kap,ev,evet,,
top,oyun,hayır,,
oyuncak,oyun,evet,,
bebek,oyun,evet,,
balon,oyun,,,
robot,oyun,hayır,,
oyun,oyun,,,
gol,oyun,,,ince-ek
okul,okul,,,
kitap,okul,evet,,
defter,okul,,,
kalem,okul,,,
silgi,okul,,,
çanta,okul,,,
tahta,okul,,,
boya,okul,,,
renk,okul,evet,,
makas,okul,,,
öğretmen,okul,,,
resim,okul,,evet,
harf,dil,,,ince-ek
hece,dil,,,
ek,dil,hayır,,
kök,dil,hayır,,
söz,dil,,,
kelime,dil,,,
isim,dil,,evet,
ses,dil,,,
masal,dil,,,
şarkı,dil,,,
sır,dil,,,ikiz
hak,dil,hayır,,ikiz
hayal,dil,,,ince-ek
ağaç,doğa,evet,,
çiçek,doğa,evet,,
gül,doğa,,,
yaprak,doğa,evet,,
güneş,doğa,,,
ay,doğa,,,
yıldız,doğa,,,
bulut,doğa,hayır,,
yağmur,doğa,,,
kar,doğa,,,
deniz,doğa,,,
göl,doğa,,,
nehir,doğa,,evet,
dağ,doğa,,,
taş,doğa,,,
toprak,doğa,evet,,
şehir,doğa,,evet,
sabah,doğa,,,
yol,doğa,,,
köprü,doğa,,,
araba,taşıt,,,
otobüs,taşıt,,,
tren,taşıt,,,
uçak,taşıt,evet,,
gemi,taşıt,,,
bisiklet,taşıt,hayır,,
şapka,giysi,,,
ayakkabı,giysi,,,
çorap,giysi,evet,,
gömlek,giysi,evet,,
elbise,giysi,,,
mont,giysi,hayır,,
gözlük,giysi,evet,,
anne,insan,,,
baba,insan,,,
kardeş,insan,,,
çocuk,insan,evet,,
oğul,insan,,evet,
kız,insan,,,
