dizi,yer
göt,her yerde
sik,her yerde
sok,her yerde
yarak,her yerde
yarrak,her yerde
taşak,her yerde
taşşak,her yerde
amc,her yerde
amk,her yerde
orosp,her yerde
kahpe,her yerde
piç,her yerde
puşt,her yerde
ibne,her yerde
gavat,her yerde
kaltak,her yerde
sürtük,her yerde
pezev,her yerde
yavşak,her yerde
sıç,her yerde
siç,her yerde
osur,her yerde
bok,her yerde
kıç,her yerde
döl,her yerde
meme,her yerde
çiş,her yerde
kaka,her yerde
salak,her yerde
aptal,her yerde
ahmak,her yerde
enayi,her yerde
dangalak,her yerde
zina,her yerde
fahişe,her yerde
seks,her yerde
porno,her yerde
kerhan,her yerde
nazi,her yerde
allah,her yerde
am,başta
öl,başta
mal,başta
