tur,sira,kok,ekler
1,1,fıngıl,PL
1,2,nöfel,PL
1,3,pobul,POSS.1SG
1,4,gıvak,POSS.1SG
1,5,mömüş,LOC
1,6,cofar,LOC
1,7,zolku,LOC
1,8,zelü,DAT
1,9,kıbı,DAT
1,10,zitep,POSS.1SG
2,1,pıbız,PL
2,2,yabiz,PL
2,3,nogur,POSS.1SG
2,4,dobut,POSS.1SG
2,5,nebiş,LOC
2,6,gılay,LOC
2,7,kulde,LOC
2,8,vebi,DAT
2,9,zaba,DAT
2,10,nüdep,POSS.1SG
3,1,kıgır,PL
3,2,segem,PL
3,3,voyul,POSS.1SG
3,4,tugak,POSS.1SG
3,5,düres,LOC
3,6,gukam,LOC
3,7,polvu,LOC
3,8,nibi,DAT
3,9,punga,DAT
3,10,göpeç,POSS.1SG
4,1,gagır,PL
4,2,vikir,PL
4,3,toduz,POSS.1SG
4,4,fuzak,POSS.1SG
4,5,zebes,LOC
4,6,nuvar,LOC
4,7,şöbe,LOC
4,8,föle,DAT
4,9,mıtı,DAT
4,10,çeviç,POSS.1SG
5,1,kuçal,PL
5,2,şüven,PL
5,3,famul,POSS.1SG
5,4,dozak,POSS.1SG
5,5,töleş,LOC
5,6,mılal,LOC
5,7,bıma,LOC
5,8,çibi,DAT
5,9,nofa,DAT
5,10,nevik,POSS.1SG
6,1,fıtay,PL
6,2,gefiz,PL
6,3,nütül,POSS.1SG
6,4,poguk,POSS.1SG
6,5,yüfes,LOC
6,6,kolgan,LOC
6,7,çübü,LOC
6,8,vemi,DAT
6,9,vuva,DAT
6,10,fünek,POSS.1SG
7,1,gosay,PL
7,2,tüdez,PL
7,3,bügüz,POSS.1SG
7,4,zodat,POSS.1SG
7,5,cütüs,LOC
7,6,fusaz,LOC
7,7,şıba,LOC
7,8,döpe,DAT
7,9,kubu,DAT
7,10,nübük,POSS.1SG
8,1,dabız,PL
8,2,möver,PL
8,3,vökül,POSS.1SG
8,4,catap,POSS.1SG
8,5,çöbüş,LOC
8,6,gıfaz,LOC
8,7,nöpü,LOC
8,8,tügü,DAT
8,9,goçu,DAT
8,10,silet,POSS.1SG
9,1,puzay,PL
9,2,güfer,PL
9,3,çöfür,POSS.1SG
9,4,bızıp,POSS.1SG
9,5,kenek,LOC
9,6,covuz,LOC
9,7,yotu,LOC
9,8,zöpü,DAT
9,9,motu,DAT
9,10,mödüt,POSS.1SG
10,1,pundar,PL
10,2,söbez,PL
10,3,geşür,POSS.1SG
10,4,farıç,POSS.1SG
10,5,bidiş,LOC
10,6,pulkul,LOC
10,7,tömü,LOC
10,8,züdü,DAT
10,9,sobu,DAT
10,10,datip,POSS.1SG
